insert into common_code(common_code_id, common_code_name, common_code_display_name, delete_yn) values (1, 'PROJECT', '사업 구분', 'N'), (2, 'RENEWAL_PLAN', '정비사업개요', 'N'), (3, 'ARCH_PLAN', '건축계획', 'N'), (4, 'LAND_USE_PLAN', '토지이용계획', 'N'), (5, 'HOUSE_SUPPLY_PLAN', '주택공급계획 (분양)', 'N'), (6, 'PROGRESS_STAGE', '진행단계', 'N');

insert into common_code_detail(common_code_id, common_code_detail_name, common_code_detail_display_name, delete_yn) values (1, 'REDEVELOPMENT', '재개발', 'N'), (1, 'RECONSTRUCTION', '재건축', 'N'), (1, 'ROW_HOUSE', '가로주택', 'N'), (2, 'NAME', '조합/추진위명', 'N'), (2, 'PROJECT', '사업구분', 'N'), (2, 'LOCATION', '정비구역 위치', 'N'), (2, 'AREA', '정비구역 면적', 'N'), (2, 'OWNERS_CNT', '토지 등 소유자수', 'N'), (2, 'MEMBERS_CNT', '조합원 수', 'N'), (2, 'AREA_PURPOSE', '용도 지역', 'N'), (3, 'LAND_AREA', '대지면적', 'N'),(3, 'FLOOR_AREA', '건축면적', 'N'),(3, 'GROSS_FLOOR_AREA', '연면적', 'N'),(3, 'BUILDING_COVERAGE_RATIO', '건폐율', 'N'),(3, 'FLOOR_AREA_RATIO', '용적률', 'N'),(3, 'BUILDING_HEIGHT', '건물높이', 'N'),(3, 'ABOVE_MAXIMUM_FLOOR_CNT', '최고층수 지상', 'N'),(3, 'BELOW_MAXIMUM_FLOOR_CNT', '최고층수 지하', 'N'), (4, 'LAND', '택지', 'N'),(4, 'ROAD', '도로', 'N'),(4, 'PARK', '공원', 'N'),(4, 'GREEN', '녹지', 'N'),(4, 'PUBLIC', '공공공지', 'N'),(4, 'SCHOOL', '학교', 'N'),(4, 'ETC', '기타', 'N');
insert into common_code_detail(common_code_id, common_code_detail_name, common_code_detail_display_name, delete_yn) values (5, 'BUILDING_CNT', '동 수', 'N'), (5, 'HOUSEHOLDS_CNT', '세대 수', 'N'), (5, '60_SQUARE_BELOW_CNT', '60㎡ 이하', 'N'), (5, '60_80_SQUARE_BETWEEN_CNT', '60㎡ 초과 ~ 85㎡ 미만', 'N'), (5, '85_SQUARE_OVER_CNT', '85㎡ 초과', 'N'), (5, 'RENTAL_CNT', '임대세대 수', 'N'), (6, 'BASIC_PLAN', '기본계획수립', 'N'), (6, 'SAFETY_EVALUATION', '안전진단', 'N'), (6, 'MAINTENANCE_AREA_DESIGNATION', '정비구역지정', 'N'), (6, 'COMMITTEE_APPROVAL', '조합설립 추진위원회 승인', 'N'), (6, 'ASSOCIATION_AUTHORIZATION', '조합설립인가', 'N'), (6, 'BUSINESS_AUTHORIZATION', '사업시행인가', 'N'), (6, 'DISPOSITION_AUTHORIZATION', '관리처분인가', 'N'), (6, 'START_REPORT', '착공신고', 'N'), (6, 'SALES_APPROVAL', '일반분양승인', 'N'), (6, 'COMPLETION_AUTHORIZATION', '준공인가', 'N'), (6, 'MOVING_NOTICE', '이전고시', 'N'), (6, 'ASSOCIATION_TERMINATE', '조합해산 및 청산', 'N');

insert into region(region_id, region_name, region_depth, region_parent_id, delete_yn) values (1, '서울특별시', 1, 0, 'N'), (2, '경기도', 1, 0, 'N'), (3, '인천광역시', 1, 0, 'N'), (4, '강원도', 1, 0, 'N'), (5, '충청북도', 1, 0, 'N'), (6, '충청남도', 1, 0, 'N'), (7, '세종특별자치시', 1, 0, 'N'), (8, '대전광역시', 1, 0, 'N'), (9, '경상북도', 1, 0, 'N'), (10, '경상남도', 1, 0, 'N'), (11, '대구광역시', 1, 0, 'N'), (12, '울산광역시', 1, 0, 'N'), (13, '부산광역시', 1, 0, 'N'), (14, '전라북도', 1, 0, 'N'), (15, '전라남도', 1, 0, 'N'), (16, '제주특별자치도', 1, 0, 'N');

insert into region(region_id, region_name, region_depth, region_parent_id, delete_yn) values (17, '강남구', 2, 1, 'N'), (18, '서초구', 2, 1, 'N'), (19, '관악구', 2, 1, 'N'), (20, '동작구', 2, 1, 'N'), (21, '송파구', 2, 1, 'N'), (22, '종로구', 2, 1, 'N'), (23, '동대문구', 2, 1, 'N'), (24, '용인시', 2, 2, 'N'), (25, '수원시', 2, 2, 'N'), (26, '성남시', 2, 2, 'N');

insert into region(region_id, region_name, region_depth, region_parent_id, delete_yn) values (27, '기흥구', 3, 24, 'N'), (28, '수지구', 3, 24, 'N'), (29, '처인구', 3, 24, 'N'), (30, '영통구', 3, 25, 'N'), (31, '팔달구', 3, 25, 'N'), (32, '장안구', 3, 25, 'N'), (33, '수정구', 3, 26, 'N'), (34, '중안구', 3, 26, 'N'), (35, '분당구', 3, 26, 'N');